Constituency_Name,Constituency_Number,Candidate_Id,Firstname,Surname,Outgoing_Member,Party_Id,Party_Name,Photo_URL,Directory,Gender,Twitter,Email
Belfast North,10,11380,Paula,Bradley,1,20,Democratic Unionist Party,,belfast-north,female,,
Belfast North,10,19690,Julie-Anne,Corr-Johnston,,994,Progressive Unionist Party,,belfast-north,female,JulieACorr,
Belfast North,10,11371,Fiona,Ferguson,,999,People Before Profit Alliance,,belfast-north,Female,fiona_ferg,
Belfast North,10,19697,Robert,Foster,,26,Ulster Unionist Party,,belfast-north,Male,GAWAEURO2016,
Belfast North,10,575,William,Humphrey,1,20,Democratic Unionist Party,,belfast-north,male,,williamhy@dup-belfast.co.uk
Belfast North,10,131,Gerry,Kelly,1,24,Sinn Fein,,belfast-north,male,GerryKellyMLA,teachcarney@msn.com
Belfast North,10,11385,Nichola,Mallon,1,23,Social Democratic and Labour Party,,belfast-north,female,NicholaMallon,
Belfast North,10,11374,Nuala,McAllister,,19,Alliance Party,,belfast-north,female,NualaMcAllister,
Belfast North,10,11375,Nelson,McCausland,1,20,Democratic Unionist Party,,belfast-north,male,,nmccausland@dup-belfast.co.uk
Belfast North,10,19676,Adam,Millar,,21,Independent,,belfast-north,Male,AdamMillar,
Belfast North,10,11377,Carál,Ní Chuilín,1,24,Sinn Fein,,belfast-north,female,CaralNiChuilin,teachcarney@msn.com
Belfast North,10,11378,Malachai,O'Hara,,111,Green Party,,belfast-north,Male,oharamal,
Belfast North,10,6264,Gemma,Weir,,998,Workers Party,,belfast-north,female,gemmacweir1,workerspartyni@yahoo.co.uk
