Candidate_First_Pref_Votes,Occurred_On_Count,Gender,Constituency_Name,Constituency_Number,Party_Name,Directory,Email,Total_Votes,Status,Outgoing_Member,Surname,Firstname,Twitter,Candidate_Id,Party_Id,Photo_URL
3047,12,M,Belfast East,2,Ulster Unionist Party,belfast-east,,5332.53,Elected,1,ALLEN,Andy,@AndyAllen88,1,26,
2183,13,M,Belfast East,2,Green Party,belfast-east,,3487.69,Excluded,0,BROWN,Ross,@voterossbrown,2,111,
5538,1,F,Belfast East,2,Democratic Unionist Party,belfast-east,,5311,Elected,0,BUNTING,Joanne,@Joanne_Bunting,3,20,
141,2,F,Belfast East,2,Social Democratic and Labour Party,belfast-east,,0,Excluded,0,DOHERTY,Amy,@amyrdoc,4,23,
4230,12,M,Belfast East,2,Democratic Unionist Party,belfast-east,,5461.16,Elected,1,DOUGLAS,Sammy,@sammydouglasdup,5,20,
887,8,M,Belfast East,2,Traditional Unionist Voice,belfast-east,,0,Excluded,0,GIRVIN,Andrew,,6,141,
78,1,M,Belfast East,2,NI Labour Representation Committee,belfast-east,,0,Excluded,0,HOLMES,Erskine,@Sherlocker2,7,989,
1099,9,F,Belfast East,2,Independent,belfast-east,,0,Excluded,0,HUTTON,Maggie,,8,21,
1772,11,M,Belfast East,2,Progressive Unionist Party,belfast-east,,0,Excluded,0,KYLE,John,@cllrjohnkyle,9,994,
631,6,M,Belfast East,2,UK Independence Party,belfast-east,,0,Excluded,0,LAVERY,Jonny,@JLaveryUKIP,10,689,
5482,1,F,Belfast East,2,Alliance Party,belfast-east,naomi.long@allianceparty.org,5311,Elected,0,LONG,Naomi,@naomi_long,11,19,
2805,13,M,Belfast East,2,Alliance Party,belfast-east,chris.lyttle@allianceparty.org,5685.9,Elected,1,LYTTLE,Chris,@Chris_Lyttle,12,19,
1095,10,M,Belfast East,2,Ulster Unionist Party,belfast-east,,0,Excluded,0,MCGIMPSEY,Chris,@CllrMcGimpsey,13,26,
2372,12,M,Belfast East,2,Alliance Party,belfast-east,tim.morrow@allianceparty.org,0,Excluded,0,MORROW,Tim,@TimMorrow_,14,19,
3875,13,M,Belfast East,2,Democratic Unionist Party,belfast-east,,4812.54,Elected,1,NEWTON,Robin,@RobinNewton4MLA,15,20,
946,7,M,Belfast East,2,Sinn Fein,belfast-east,sfassembly@hotmail.com,0,Excluded,0,O DONNGHAILE,Niall,@NiallSF,16,24,
517,5,F,Belfast East,2,Labour Alternative,belfast-east,,0,Excluded,0,ROBINSON,Courtney,@Coroweee,17,992,
477,4,M,Belfast East,2,NI Conservatives,belfast-east,,0,Excluded,0,WILSON,Neil,@neil4ebelfast,18,991,
751,6,M,Belfast North,10,UK Independence Party,belfast-north,,0,Excluded,0,BOYLE,Ken,,19,689,
4591,11,F,Belfast North,10,Democratic Unionist Party,belfast-north,,5908.88,Elected,1,BRADLEY,Paula Jane,@Vote_Bradley1,20,20,
87,2,M,Belfast North,10,Independent,belfast-north,,0,Excluded,0,BURNS,Tom,,21,21,
1972,10,F,Belfast North,10,Ulster Unionist Party,belfast-north,,0,Excluded,0,CARROLL,Lesley,@VoteCarroll1,22,26,
32,2,M,Belfast North,10,Northern Ireland First,belfast-north,,0,Excluded,0,DOWEY,Geoff,,23,988,
1286,9,F,Belfast North,10,People Before Profit Alliance,belfast-north,,0,Excluded,0,FERGUSON,Fiona,@fiona_ferg,24,999,
243,3,M,Belfast North,10,Independent,belfast-north,,0,Excluded,0,HUGHES,Fra,@electfrahughes,25,21,
4105,11,M,Belfast North,10,Democratic Unionist Party,belfast-north,,5286.4,Elected,1,HUMPHREY,William,,26,20,
1238,6,M,Belfast North,10,Progressive Unionist Party,belfast-north,,0,Excluded,0,HUTCHINSON,Billy,,27,994,
5695,1,M,Belfast North,10,Sinn Fein,belfast-north,sfassembly@hotmail.com,5225,Elected,1,KELLY,Gerry,@GerryKellyMLA,28,24,
3866,11,F,Belfast North,10,Social Democratic and Labour Party,belfast-north,,4847.48,Elected,0,MALLON,Nichola,@NicholaMallon,29,23,
2569,11,F,Belfast North,10,Alliance Party,belfast-north,,3835.8,Excluded,0,MCALLISTER,Nuala,@NualaMcAllister,30,19,
4087,11,M,Belfast North,10,Democratic Unionist Party,belfast-north,,4979.24,Elected,1,MCCAUSLAND,Nelson,,31,20,
644,5,M,Belfast North,10,Traditional Unionist Voice,belfast-north,,0,Excluded,0,MILLER,John,@johnmillertuv,32,141,
4009,11,M,Belfast North,10,Sinn Fein,belfast-north,sfassembly@hotmail.com,4911.24,Elected,1,NI CHUILIN,Caral,@CaralNiChuilin,33,24,
796,7,M,Belfast North,10,Green Party,belfast-north,,0,Excluded,0,OHARA,Malachai,@gaygael,34,111,
127,3,M,Belfast North,10,NI Labour Representation Committee,belfast-north,,0,Excluded,0,THABETH,Abdo,,35,989,
476,4,F,Belfast North,10,Workers Party,belfast-north,,0,Excluded,0,WEIR,Gemma,@gemmacweir1,36,998,
246,3,F,Belfast South,13,NI Labour Representation Committee,belfast-south,,0,Excluded,0,ANTON,Brigitte,@PurlsofColour ,37,989,
3521,12,F,Belfast South,13,Green Party,belfast-south,,6056.75,Elected,0,BAILEY,Clare,@ClareBaileyGPNI,38,111,
3332,9,F,Belfast South,13,Alliance Party,belfast-south,,5247,Elected,0,BRADSHAW,Paula,@PaulaJaneB,39,19,
871,7,M,Belfast South,13,Labour Alternative,belfast-south,,0,Excluded,0,BURNS,Sean,@SeanBurnsSP,40,992,
351,4,M,Belfast South,13,South Belfast Unionists,belfast-south,,0,Excluded,0,DICKSON,William,,41,990,
4516,11,F,Belfast South,13,Social Democratic and Labour Party,belfast-south,,5247,Elected,1,HANNA,Claire,@ClaireHanna,42,23,
495,7,M,Belfast South,13,Traditional Unionist Voice,belfast-south,,0,Excluded,0,HIDDLESTON,John Andrew,,43,141,
241,2,F,Belfast South,13,Workers Party,belfast-south,,0,Excluded,0,KERR,Lily,,44,998,
4511,12,F,Belfast South,13,Democratic Unionist Party,belfast-south,,5150,Elected,1,LITTLE PENGELLY,Emma,@little_pengelly,45,20,
161,1,M,Belfast South,13,NI Conservatives,belfast-south,,0,Excluded,0,MANTON,Ben,@Ben4SBelfast,46,991,
2466,12,M,Belfast South,13,Ulster Unionist Party,belfast-south,,3449.5,Excluded,0,MCCUNE,Rodney James,@rodneymccune,47,26,
2845,10,M,Belfast South,13,Social Democratic and Labour Party,belfast-south,,0,Excluded,1,MCKINNEY,Fearghal,@FearghalSDLP,48,23,
2691,8,M,Belfast South,13,Alliance Party,belfast-south,,0,Excluded,0,MORROW,Duncan,@duncan_morrow,49,19,
5207,5,M,Belfast South,13,Sinn Fein,belfast-south,sfassembly@hotmail.com,5247,Elected,1,O MUILLEOIR,Mairtin,@newbelfast,50,24,
475,6,F,Belfast South,13,Independent,belfast-south,,0,Excluded,0,PATTERSON,Ruth,@RuthMLA2016,51,21,
430,5,M,Belfast South,13,Progressive Unionist Party,belfast-south,,0,Excluded,0,SHANKS,Ian,@shanksybraniel,52,994,
3570,12,M,Belfast South,13,Democratic Unionist Party,belfast-south,,4409.25,Elected,0,STALFORD,Christopher,@CDMStalfordDUP,53,20,
794,7,M,Belfast South,13,UK Independence Party,belfast-south,,0,Excluded,0,STOKER,Bob,,54,689,
2647,8,M,Belfast West,17,Social Democratic and Labour Party,belfast-west,,4430.2,Elected,1,ATTWOOD,Alex,@AlexAttwoodMLA,55,23,
532,2,M,Belfast West,17,Workers Party,belfast-west,,0,Excluded,0,CAMPBELL,Conor,@ConorCampbellWP,56,998,
8299,1,M,Belfast West,17,People Before Profit Alliance,belfast-west,,5182,Elected,0,CARROLL,Gerry,@GerryCarrollPBP,57,999,
291,2,F,Belfast West,17,Alliance Party,belfast-west,,0,Excluded,0,HIGGINS,Jemima,@jemhiggins,58,19,
654,2,M,Belfast West,17,Ulster Unionist Party,belfast-west,,0,Excluded,0,MARTIN,Gareth Thomas,,59,26,
4769,2,M,Belfast West,17,Sinn Fein,belfast-west,sfassembly@hotmail.com,5182,Elected,1,MASKEY,Alex,@AlexMaskeyMLA,60,24,
4028,5,M,Belfast West,17,Sinn Fein,belfast-west,sfassembly@hotmail.com,5182,Elected,1,MCCANN,Fra,@FramccannMLA,61,24,
4386,6,F,Belfast West,17,Sinn Fein,belfast-west,sfassembly@hotmail.com,5182,Elected,1,MCCANN,Jennifer,@jennifermccann0,62,24,
3053,3,F,Belfast West,17,Sinn Fein,belfast-west,sfassembly@hotmail.com,0,Excluded,1,MCCORLEY,Rosie,@rosiemccorley,63,24,
3766,8,M,Belfast West,17,Democratic Unionist Party,belfast-west,,4341.21,Excluded,0,MCCOUBREY,Frank,@FMcCoubrey1,64,20,
327,2,F,Belfast West,17,Green Party,belfast-west,,0,Excluded,0,MURRAY,Ellen,@ellenfromnowon,65,111,
3516,4,M,Belfast West,17,Sinn Fein,belfast-west,sfassembly@hotmail.com,5182,Elected,1,SHEEHAN,Pat,@PatSheehanMLA,66,24,
3848,8,M,East Antrim,1,Ulster Unionist Party,east-antrim,,4707.67,Elected,1,BEGGS,Roy,@roybeggs,67,26,
3115,10,M,East Antrim,1,Alliance Party,east-antrim,,4631,Elected,1,DICKSON,Stewart Clyde,@stewartcdickson,68,19,
1632,9,M,East Antrim,1,Alliance Party,east-antrim,,0,Excluded,0,DONNELLY,Danny,@DannyDonnelly1,69,19,
5906,1,M,East Antrim,1,Democratic Unionist Party,east-antrim,,4631,Elected,1,HILDITCH,David,@dwh_crfc,70,20,
2207,12,M,East Antrim,1,UK Independence Party,east-antrim,,3567.48,Excluded,0,JORDAN,Noel,,71,689,
3472,8,M,East Antrim,1,Democratic Unionist Party,east-antrim,,4631,Elected,1,LYONS,Gordon,@gordonlyons1,72,20,
455,2,M,East Antrim,1,Progressive Unionist Party,east-antrim,,0,Excluded,0,MCCAW,Jim,,73,994,
1229,6,F,East Antrim,1,Social Democratic and Labour Party,east-antrim,,0,Excluded,0,MCKILLOP,Margaret Anne,@a_margaretanne,74,23,
2633,12,M,East Antrim,1,Sinn Fein,east-antrim,sfassembly@hotmail.com,3672.27,Elected,1,MCMULLAN,Oliver,@OliverMcMullan,75,24,
719,4,F,East Antrim,1,Ulster Unionist Party,east-antrim,,0,Excluded,0,MORROW,Maureen,@maureen45morrow,76,26,
693,5,F,East Antrim,1,Green Party,east-antrim,,0,Excluded,0,PATTERSON,Dawn,@DawnPEastAntri1,77,111,
2323,12,M,East Antrim,1,Democratic Unionist Party,east-antrim,,4096.44,Elected,1,ROSS,Alastair,@alastairianross,78,20,
551,3,M,East Antrim,1,Cross-Community Labour Alternative,East-antrim,,0,Excluded,0,SHERIDAN,Conor John,@conorjsheridan1,79,997,
1985,11,M,East Antrim,1,Ulster Unionist Party,east-antrim,,0,Excluded,0,STEWART,John Robert,@JohnStewart1983,80,26,
1643,7,F,East Antrim,1,Traditional Unionist Voice,east-antrim,,0,Excluded,0,WILSON,Ruth,@RuthWilsonTUV,81,141,
4002,9,F,East Londonderry,3,Sinn Fein,east-londonderry,sfassembly@hotmail.com,4139,Elected,0,ARCHIBALD,Caoimhe,@CArchibald_SF,82,24,
1191,3,M,East Londonderry,3,Traditional Unionist Voice,east-londonderry,,0,Excluded,0,ARMSTRONG,Jordan,@_StrongJ,83,141,
1257,6,F,East Londonderry,3,Alliance Party,east-londonderry,,0,Excluded,0,BOYLE,Yvonne,@YIMBoyle,84,19,
4630,4,M,East Londonderry,3,Democratic Unionist Party,east-londonderry,,4915,Elected,0,BRADLEY,Maurice,,85,20,
1067,2,M,East Londonderry,3,Ulster Unionist Party,east-londonderry,,0,Excluded,0,CALLAN,Aaron,@acallan87,86,26,
50,1,M,East Londonderry,3,NI Conservatives,east-londonderry,,0,Excluded,0,CANNING,Stuart,@StuartC93,87,991,
61,1,F,East Londonderry,3,Independent,east-londonderry,,0,Excluded,0,CHRISTIE,Tor,,88,21,
434,1,F,East Londonderry,3,Green Party,east-londonderry,,0,Excluded,0,HAMMILL,Amber,,89,111,
216,1,M,East Londonderry,3,NI Conservatives,east-londonderry,,0,Excluded,0,HARDING,David,,90,991,
1789,8,M,East Londonderry,3,Ulster Unionist Party,east-londonderry,,0,Excluded,0,MCCANDLESS,William,@wmccandlessUUP,91,26,
3477,9,M,East Londonderry,3,Democratic Unionist Party,east-londonderry,,5384.6,Elected,1,MCQUILLAN,Adrian,,92,20,
3265,9,M,East Londonderry,3,Social Democratic and Labour Party,east-londonderry,,4172.16,Elected,0,MULLAN,Gerry,@aidenville,93,23,
3493,9,M,East Londonderry,3,Sinn Fein,east-londonderry,sfassembly@hotmail.com,3532.68,Excluded,1,O HOISIN,Cathal,@CathalOhOisin,94,24,
274,1,M,East Londonderry,3,UK Independence Party,east-londonderry,,0,Excluded,0,PARKHILL,Steven,@ParkhillUKIP,95,689,
4567,4,M,East Londonderry,3,Democratic Unionist Party,east-londonderry,,4915,Elected,1,ROBINSON,George,,96,20,
3270,9,F,East Londonderry,3,Independent,east-londonderry,,5002.6,Elected,1,SUGDEN,Claire,@ClaireSugden,97,21,
1356,7,M,East Londonderry,3,Progressive Unionist Party,east-londonderry,,0,Excluded,0,WATTON,Russell,,98,994,
3018,6,F,Fermanagh and South Tyrone,4,Ulster Unionist Party,fermanagh-south-tyrone,,6740,Elected,0,BARTON,Rosemary,@RosemaryBarton1,99,26,
539,3,F,Fermanagh and South Tyrone,4,Alliance Party,fermanagh-south-tyrone,,0,Excluded,0,BLYBERG,Kerri,,100,19,
1164,3,M,Fermanagh and South Tyrone,4,Traditional Unionist Voice,fermanagh-south-tyrone,,0,Excluded,0,CRAWFORD,Donald,,101,141,
4002,7,M,Fermanagh and South Tyrone,4,Sinn Fein,fermanagh-south-tyrone,sfassembly@hotmail.com,5590.37,Excluded,0,FEELY,John,,102,24,
3449,4,M,Fermanagh and South Tyrone,4,Sinn Fein,fermanagh-south-tyrone,sfassembly@hotmail.com,0,Excluded,1,FLANAGAN,Phil,@PhilFlanagan,103,24,
8801,1,F,Fermanagh and South Tyrone,4,Democratic Unionist Party,fermanagh-south-tyrone,,6740,Elected,1,FOSTER,Arlene,@DUPleader,104,20,
6614,4,F,Fermanagh and South Tyrone,4,Sinn Fein,fermanagh-south-tyrone,sfassembly@hotmail.com,6838.37,Elected,0,GILDERNEW,Michelle,@gildernewm,105,24,
285,3,M,Fermanagh and South Tyrone,4,NI Labour Representation Committee,fermanagh-south-tyrone,,0,Excluded,0,HARRIS,Damien,@DHarrisLPNI,106,989,
897,3,F,Fermanagh and South Tyrone,4,Green Party,fermanagh-south-tyrone,,0,Excluded,0,JONES,Tanya,@decombustion,107,111,
4782,7,M,Fermanagh and South Tyrone,4,Sinn Fein,fermanagh-south-tyrone,sfassembly@hotmail.com,6565.81,Elected,1,LYNCH,Sean,@seanlynch122,108,24,
4014,7,F,Fermanagh and South Tyrone,4,Social Democratic and Labour Party,fermanagh-south-tyrone,,6107.23,Elected,0,MCPHILLIPS,Richie,,109,23,
6602,2,M,Fermanagh and South Tyrone,4,Democratic Unionist Party,fermanagh-south-tyrone,,6740,Elected,1,MORROW,Maurice,,110,20,
3010,5,M,Fermanagh and South Tyrone,4,Ulster Unionist Party,fermanagh-south-tyrone,,0,Excluded,1,PATTERSON,Alastair,@apatterson_UUP,111,26,
902,2,F,Foyle,5,Independent,foyle,,0,Excluded,0,BRADLEY,Kathleen,,112,21,
1173,3,M,Foyle,5,Independent,foyle,,0,Excluded,0,DEVENNEY,Maurice,,113,21,
2700,6,M,Foyle,5,Social Democratic and Labour Party,foyle,,0,Excluded,1,DIVER,Gerard,@GerardDiver1,114,23,
36,1,M,Foyle,5,NI Conservatives,foyle,,0,Excluded,0,DUNLOP,Alan,@Alan4SAntrim,115,991,
4197,7,M,Foyle,5,Social Democratic and Labour Party,foyle,,5672,Elected,1,DURKAN,Mark H,@MarkHDurkan,116,23,
5000,7,M,Foyle,5,Social Democratic and Labour Party,foyle,,5804,Elected,1,EASTWOOD,Colum,@columeastwood,117,23,
157,1,F,Foyle,5,Green Party,foyle,,0,Excluded,0,HASSAN,Mary,@maryhassan101,118,111,
1420,3,F,Foyle,5,Ulster Unionist Party,foyle,,0,Excluded,0,KEE,Julia,@JuliaEKee,119,26,
259,1,M,Foyle,5,Cannabis Is Safer Than Alcohol,foyle,,0,Excluded,0,LINDSAY,John,,120,993,
4176,8,M,Foyle,5,People Before Profit Alliance,foyle,,5394,Elected,0,MCCANN,Eamonn,@eamonderry,121,999,
3198,6,M,Foyle,5,Sinn Fein,foyle,sfassembly@hotmail.com,5676,Elected,1,MCCARTNEY,Raymond,@RaymondMcCartn1,122,24,
238,1,M,Foyle,5,Alliance Party,foyle,,0,Excluded,0,MCCAW,Chris,@chrismccaw_ni,123,19,
3410,8,F,Foyle,5,Independent,foyle,,4227,Excluded,0,MCCLOSKEY,Anne,,124,21,
5037,7,M,Foyle,5,Sinn Fein,foyle,sfassembly@hotmail.com,5712,Elected,1,MCGUINNESS,Martin,@M_McGuinness_SF,125,24,
3062,5,F,Foyle,5,Sinn Fein,foyle,sfassembly@hotmail.com,0,Excluded,1,MCLAUGHLIN,Maeve,@MaeveMcLaughli1,126,24,
4737,4,M,Foyle,5,Democratic Unionist Party,foyle,,5672,Elected,1,MIDDLETON,Gary,@Gary_Middleton,127,20,
1118,5,M,Lagan Valley,6,Green Party,lagan-valley,,0,Excluded,0,BARRIOS-ONEILL,Dan,,128,111,
4376,8,M,Lagan Valley,6,Ulster Unionist Party,lagan-valley,,5291,Elected,0,BUTLER,Robbie,@T3robbie,129,26,
2899,6,M,Lagan Valley,6,Social Democratic and Labour Party,lagan-valley,,0,Excluded,0,CATNEY,Pat,@PatCatney,130,23,
4087,8,M,Lagan Valley,6,Democratic Unionist Party,lagan-valley,,4409,Excluded,1,CRAIG,Jonathan,,131,20,
171,1,M,Lagan Valley,6,NI Labour Representation Committee,lagan-valley,,0,Excluded,0,DYNES,Peter,@peterdynesLPNI,132,989,
5364,6,M,Lagan Valley,6,Democratic Unionist Party,lagan-valley,,5635,Elected,1,GIVAN,Paul,@paulgivan,133,20,
4236,8,F,Lagan Valley,6,Democratic Unionist Party,lagan-valley,,4577,Elected,1,HALE,Brenda,@BrendaHaleMLA,134,20,
768,2,M,Lagan Valley,6,UK Independence Party,lagan-valley,,0,Excluded,0,HIGGINSON,Brian,,135,689,
341,1,M,Lagan Valley,6,NI Conservatives,lagan-valley,,0,Excluded,0,IRWIN,Jack,,136,991,
3707,7,M,Lagan Valley,6,Alliance Party,lagan-valley,,5551,Elected,1,LUNN,Trevor,@TrevorLunnLV,137,19,
124,1,M,Lagan Valley,6,Democracy First,lagan-valley,,0,Excluded,0,MCCAMMOND,Frazer,@beingfrazer,138,986,
1045,4,F,Lagan Valley,6,Sinn Fein,lagan-valley,sfassembly@hotmail.com,0,Excluded,0,MCGEOUGH,Jacqui,@JacquiMcgeough,139,24,
817,3,M,Lagan Valley,6,Independent,lagan-valley,,0,Excluded,0,ORR,Jonny,@JonnyOrr,140,21,
3871,8,F,Lagan Valley,6,Ulster Unionist Party,lagan-valley,,5212,Elected,0,PALMER,Jenny,@cllr_j,141,26,
4638,8,M,Lagan Valley,6,Democratic Unionist Party,lagan-valley,,5064,Elected,1,POOTS,Edwin,@poots_edwin,142,20,
1291,5,M,Lagan Valley,6,Traditional Unionist Voice,lagan-valley,,0,Excluded,0,REA,Lyle,,143,141,
3628,10,M,Mid Ulster,7,Democratic Unionist Party,mid-ulster,,4566.61,Elected,0,BUCHANAN,Keith Alexandra,@Buchanan_dup,144,20,
256,3,M,Mid Ulster,7,UK Independence Party,mid-ulster,,0,Excluded,0,DAY,Alan,@Kilsally,145,689,
5853,1,F,Mid Ulster,7,Sinn Fein,mid-ulster,sfassembly@hotmail.com,5853,Elected,0,DILLON,Linda,@LindaDillon81,146,24,
471,6,F,Mid Ulster,7,Alliance Party,mid-ulster,,0,Excluded,0,HENDRON,Neidin,@Neidin_H,147,19,
1877,8,F,Mid Ulster,7,Traditional Unionist Voice,mid-ulster,,0,Excluded,0,LOUGHRIN,Hannah,,148,141,
3765,10,M,Mid Ulster,7,Democratic Unionist Party,mid-ulster,,4405.99,Excluded,1,MCCREA,Ian,@ianmccreaDUP,149,20,
6209,1,M,Mid Ulster,7,Social Democratic and Labour Party,mid-ulster,,5822,Elected,1,MCGLONE,Patsy,@patsymcglone,150,23,
7035,1,M,Mid Ulster,7,Sinn Fein,mid-ulster,sfassembly@hotmail.com,5822,Elected,1,MILNE,Ian,@Ianmilnesf,151,24,
6147,1,F,Mid Ulster,7,Sinn Fein,mid-ulster,sfassembly@hotmail.com,5822,Elected,1,ONEILL,Michelle,@DBarriosONeill,152,24,
4862,9,F,Mid Ulster,7,Ulster Unionist Party,mid-ulster,,5822,Elected,1,OVEREND,Sandra,@over2sandra,153,26,
316,7,M,Mid Ulster,7,Workers Party,mid-ulster,,0,Excluded,0,SCULLION,Hugh,,154,998,
349,5,M,Mid Ulster,7,Green Party,mid-ulster,,0,Excluded,0,TAYLOR,Stefan,,155,111,
1663,7,M,Newry and Armagh,8,Independent,newry-armagh,,0,Excluded,0,BERRY ,Paul,,156,21,
6822,1,M,Newry and Armagh,8,Sinn Fein,newry-armagh,sfassembly@hotmail.com,6822,Elected,1,BOYLAN,Cathal Damian,@cathalboylansf,157,24,
1032,6,M,Newry and Armagh,8,Cannabis Is Safer Than Alcohol,newry-armagh,,0,Excluded,0,CROSSAN,Emmet,@emmetcrossan72,158,993,
6838,1,F,Newry and Armagh,8,Sinn Fein,newry-armagh,sfassembly@hotmail.com,6817,Elected,1,FEARON,Megan,@mfearonsf,159,24,
7980,1,M,Newry and Armagh,8,Democratic Unionist Party,newry-armagh,,6817,Elected,1,IRWIN,William George,,160,20,
4904,8,M,Newry and Armagh,8,Ulster Unionist Party,newry-armagh,,6817,Elected,1,KENNEDY,Danny,@DKennedy_UUP,161,26,
315,4,M,Newry and Armagh,8,UK Independence Party,newry-armagh,,0,Excluded,0,LOVE,Alan,@AlanLove1,162,689,
940,5,M,Newry and Armagh,8,Independent,newry-armagh,,0,Excluded,0,MCALLISTER,Martin,,163,21,
3923,9,F,Newry and Armagh,8,Social Democratic and Labour Party,newry-armagh,,5042.2,Excluded,1,MCKEVITT,Karen,@Karen_McKevitt,164,23,
4775,9,M,Newry and Armagh,8,Social Democratic and Labour Party,newry-armagh,,5701.2,Elected,0,MCNULTY,Justin,@JustinMcNu1ty,165,23,
5854,9,M,Newry and Armagh,8,Sinn Fein,newry-armagh,sfassembly@hotmail.com,6442.35,Elected,1,MURPHY,Conor,@conormurphysf,166,24,
1841,7,M,Newry and Armagh,8,Ulster Unionist Party,newry-armagh,,0,Excluded,0,NICHOLSON,Sam,,167,26,
335,2,M,Newry and Armagh,8,Green Party,newry-armagh,,0,Excluded,0,WATTERS,Michael,,168,111,
493,4,M,Newry and Armagh,8,Alliance Party,newry-armagh,,0,Excluded,0,WEIR,Craig,@Weir_NI,169,19,
5399,7,M,North Antrim,9,Traditional Unionist Voice,north-antrim,,5857,Elected,1,ALLISTER,Jim,@JimAllister,170,141,
1027,4,F,North Antrim,9,UK Independence Party,north-antrim,,0,Excluded,0,ANDERSON,Donna,,171,689,
513,2,F,North Antrim,9,Green Party,north-antrim,,0,Excluded,0,BRESLIN,Jenny,,172,111,
3093,10,M,North Antrim,9,Social Democratic and Labour Party,north-antrim,,3886.84,Excluded,0,DUNCAN,Connor,@CDuncanSDLP,173,23,
5429,8,M,North Antrim,9,Democratic Unionist Party,north-antrim,,6095,Elected,1,FREW,Paul,@paulfrewDUP,174,20,
1955,6,M,North Antrim,9,Traditional Unionist Voice,north-antrim,,0,Excluded,0,GASTON,Timothy,@CllrGaston,175,141,
243,1,F,North Antrim,9,NI Labour Representation Committee,north-antrim,,0,Excluded,0,JOHNSTON,Kathryn,@kathrynjohnston,176,989,
3635,10,M,North Antrim,9,Democratic Unionist Party,north-antrim,,7165.24,Elected,0,LOGAN,Phillip,@philliplogan,177,20,
1318,5,M,North Antrim,9,Alliance Party,north-antrim,,0,Excluded,0,MCFARLAND,Stephen,,178,19,
3209,8,M,North Antrim,9,Democratic Unionist Party,north-antrim,,0,Excluded,1,MCILVEEN,David,@DavidRMcIlveen,179,20,
5297,10,M,North Antrim,9,Sinn Fein,north-antrim,sfassembly@hotmail.com,5473.98,Elected,1,MCKAY,Daithi Gerard,@daithimckay,180,24,
92,1,M,North Antrim,9,NI Conservatives,north-antrim,,0,Excluded,0,SIMPSON,James,,181,991,
5382,9,M,North Antrim,9,Democratic Unionist Party,north-antrim,,5857,Elected,1,STOREY,Mervyn,,182,20,
3585,10,M,North Antrim,9,Ulster Unionist Party,north-antrim,,5545.44,Elected,1,SWANN,Robin,@RobinSwannUUP,183,26,
821,3,M,North Antrim,9,Ulster Unionist Party,north-antrim,,0,Excluded,0,WRIGHT,Andrew,,184,26,
4109,8,M,North Down,11,Green Party,north-down,,4607.2,Elected,1,AGNEW,Steven,@StevenAgnew,185,111,
610,6,M,North Down,11,Traditional Unionist Voice,north-down,,0,Excluded,0,BRENNAN,John,@JohnbrennanNI,186,141,
426,5,M,North Down,11,Social Democratic and Labour Party,north-down,,0,Excluded,0,BROWNE,Conal,@ConalBrowne,187,23,
3275,11,M,North Down,11,Ulster Unionist Party,north-down,,5264.92,Elected,0,CHAMBERS,Alan,@alcham49,188,26,
4004,2,M,North Down,11,Democratic Unionist Party,north-down,,4610.48,Elected,1,DUNNE,Gordon Mervyn,@GordonDunneMLA ,189,20,
6357,1,M,North Down,11,Democratic Unionist Party,north-down,,4605,Elected,1,EASTON,Alex,,190,20,
217,3,M,North Down,11,Ulster Unionist Party,north-down,,0,Excluded,0,EISENSTADT,Chris,@ChrisEisenstadt,191,26,
3012,11,M,North Down,11,Alliance Party,north-down,,4049.36,Elected,1,FARRY,Stephen,@StephenFarryMLA,192,19,
177,2,F,North Down,11,NI Labour Representation Committee,north-down,,0,Excluded,0,LOURENCO,Maria,@MariaLourenco74,193,989,
307,4,F,North Down,11,Sinn Fein,north-down,sfassembly@hotmail.com,0,Excluded,0,MCCARTNEY,Therese,@tmccartney12,194,24,
1495,10,M,North Down,11,Ulster Unionist Party,north-down,,0,Excluded,0,MCCLEAN,Carl,@ccmccuup,195,26,
2387,11,M,North Down,11,Alliance Party,north-down,,3076.2,Excluded,0,MUIR,Andrew,@AndrewMuirNI,196,19,
681,8,M,North Down,11,UK Independence Party,north-down,,0,Excluded,0,PIPER,Bill,,197,689,
672,7,M,North Down,11,NI Conservatives,north-down,,0,Excluded,0,SHIVERS,Frank,@Frankshivers,198,991,
3085,11,M,North Down,11,Democratic Unionist Party,north-down,,4712.76,Elected,1,WEIR,Peter James,@peterweirmla,199,20,
1415,9,M,North Down,11,Independent,north-down,,0,Excluded,0,WILSON,Brian,,200,21,
3280,7,M,South Antrim,12,Ulster Unionist Party,south-antrim,,4512,Elected,0,AIKEN,Steve,@SteveAikenUUP,201,26,
1318,3,M,South Antrim,12,Traditional Unionist Voice,south-antrim,,0,Excluded,0,CAIRNS,Richard William,@rickwcairns,202,141,
4589,5,F,South Antrim,12,Democratic Unionist Party,south-antrim,,5067,Elected,1,CAMERON,Pam,@Cameron1Vote,203,20,
3585,7,M,South Antrim,12,Democratic Unionist Party,south-antrim,,4338,Elected,1,CLARKE,Trevor,@VoteClarke1,204,20,
1947,4,M,South Antrim,12,Ulster Unionist Party,south-antrim,,0,Excluded,1,COCHRANE-WATSON,Adrian David,@AdrianUUP,205,26,
589,2,F,South Antrim,12,Green Party,south-antrim,,0,Excluded,0,FARLEY,Helen,@HelenFarley1,206,111,
3119,6,M,South Antrim,12,Alliance Party,south-antrim,,5056,Elected,1,FORD,David RJ,@DavidFordMLA,207,19,
5014,2,M,South Antrim,12,Democratic Unionist Party,south-antrim,,5036,Elected,1,GIRVAN,Paul,@VoteGirvan1,208,20,
574,2,M,South Antrim,12,UK Independence Party,south-antrim,,0,Excluded,0,HILL,Robert,,209,689,
4632,6,M,South Antrim,12,Sinn Fein,south-antrim,sfassembly@hotmail.com,5020,Elected,0,KEARNEY,Declan,@DeclanKearneySF,210,24,
3366,5,F,South Antrim,12,Social Democratic and Labour Party,south-antrim,,0,Excluded,0,LYNCH,Roisin,@roisinlynchsdlp,211,23,
483,1,M,South Antrim,12,Independent,south-antrim,,0,Excluded,0,MCMASTER,David,@davidmcmaster35,212,21,
2565,7,M,South Antrim,12,Ulster Unionist Party,south-antrim,,4127,Excluded,0,MICHAEL,Paul,@PaulmichaelUUP,213,26,
72,1,M,South Antrim,12,NI Conservatives,south-antrim,,0,Excluded,0,YOUNG,Mark David,,214,991,
5059,6,F,South Down,14,Social Democratic and Labour Party,south-down,,6144,Elected,0,BRADLEY,Sinead,@SineadBradleySD,215,23,
2200,3,M,South Down,14,Alliance Party,south-down,,0,Excluded,0,BROWN,Patrick,@Paddy_JBrown,216,19,
3520,4,M,South Down,14,Sinn Fein,south-down,sfassembly@hotmail.com,0,Excluded,0,GRAY-SLOAN,Michael,@mgs_eire,217,24,
820,1,M,South Down,14,Green Party,south-down,,0,Excluded,0,HARDY,John,@jonto1983,218,111,
5045,6,M,South Down,14,Sinn Fein,south-down,sfassembly@hotmail.com,5868,Elected,1,HAZZARD,Chris,@ChrisHazzardSF,219,24,
1156,1,M,South Down,14,Independent,south-down,,0,Excluded,1,MCCALLISTER,John,@JohnMcCallister,220,21,
4288,8,M,South Down,14,Social Democratic and Labour Party,south-down,,5397,Elected,0,MCGRATH,Colin,@ColinSDLP,221,23,
3481,5,M,South Down,14,Ulster Unionist Party,south-down,,6141,Elected,0,MCKEE,Harold,,222,26,
2718,2,M,South Down,14,Traditional Unionist Voice,south-down,,0,Excluded,0,REILLY,Henry,,223,141,
3564,8,M,South Down,14,Social Democratic and Labour Party,south-down,,4595.75,Excluded,1,ROGERS,Sean,,224,23,
4191,7,F,South Down,14,Sinn Fein,south-down,sfassembly@hotmail.com,5868,Elected,1,RUANE,Caitriona,@caitrionaruane,225,24,
5033,3,M,South Down,14,Democratic Unionist Party,south-down,,5868,Elected,1,WELLS,Jim,@Jim_Wells_MLA,226,20,
3499,10,F,Strangford,15,Alliance Party,strangford,,4662.46,Elected,0,ARMSTRONG,Kellie,@Kelmba,227,19,
3393,7,M,Strangford,15,Democratic Unionist Party,strangford,,4663,Elected,1,BELL,Jonathan,@jonathanfbell,228,20,
2724,10,M,Strangford,15,Social Democratic and Labour Party,strangford,,3387.92,Excluded,0,BOYLE,Joe,,229,23,
1407,5,M,Strangford,15,Traditional Unionist Voice,strangford,,0,Excluded,0,COOPER,Stephen,@S_J_Cooper,230,141,
759,3,M,Strangford,15,UK Independence Party,strangford,,0,Excluded,0,CROSBY,Stephen,@stephen_crosby1,231,689,
924,4,F,Strangford,15,Green Party,strangford,,0,Excluded,0,GRAINGER,Georgia,@green_grainger,232,111,
3964,7,M,Strangford,15,Democratic Unionist Party,strangford,,4663,Elected,1,HAMILTON,Simon,@SimonHamilton,233,20,
2017,6,M,Strangford,15,Democratic Unionist Party,strangford,,0,Excluded,0,HARVEY,Harry,@harveyscrossgar,234,20,
661,2,M,Strangford,15,Sinn Fein,strangford,sfassembly@hotmail.com,0,Excluded,0,KENNEDY,Dermot,@DerKennedySinnF,235,24,
107,1,M,Strangford,15,Independent,strangford,,0,Excluded,0,MCCARTNEY,Rab,,236,21,
4663,1,F,Strangford,15,Democratic Unionist Party,strangford,,4663,Elected,1,MCILVEEN,Michelle,@MMcIlveenMLA,237,20,
314,1,M,Strangford,15,NI Conservatives,strangford,,0,Excluded,0,MCKENDRY,Bill,,238,991,
1840,8,M,Strangford,15,Independent,strangford,,0,Excluded,0,MENAGH,Jimmy,,239,21,
4673,1,M,Strangford,15,Ulster Unionist Party,strangford,,4673,Elected,1,NESBITT,Mike,@mikenesbittni,240,26,
1694,10,M,Strangford,15,Ulster Unionist Party,strangford,,3957.88,Elected,0,SMITH,Philip,,241,26,
6195,2,M,Upper Bann,16,Democratic Unionist Party,upper-bann,,6527,Elected,1,ANDERSON,Sydney Alexander,@AndersonDUP,242,20,
2969,11,M,Upper Bann,16,Ulster Unionist Party,upper-bann,,6569.79,Elected,0,BEATTIE,Doug,@BeattieDoug,243,26,
5155,9,F,Upper Bann,16,Ulster Unionist Party,upper-bann,,6548.86,Elected,1,DOBSON,Jo-Anne,@JoAnne_Dobson,244,26,
1177,8,M,Upper Bann,16,Traditional Unionist Voice,upper-bann,,0,Excluded,0,FERGUSON,Roy,,245,141,
1424,9,M,Upper Bann,16,Alliance Party,upper-bann,,0,Excluded,0,HAMILTON,Harry,@harry_hamilton,246,19,
250,3,F,Upper Bann,16,NI Labour Representation Committee,upper-bann,,0,Excluded,0,HUTCHINSON,Emma,@EmmaHutchinson,247,989,
1072,7,M,Upper Bann,16,UK Independence Party,upper-bann,,0,Excluded,0,JONES,David,@decombustion,248,689,
4335,11,F,Upper Bann,16,Social Democratic and Labour Party,upper-bann,,5309.79,Excluded,1,KELLY,Dolores,@doloreskelly,249,23,
672,6,M,Upper Bann,16,Cannabis Is Safer Than Alcohol,upper-bann,,0,Excluded,0,KELLY,Martin,,250,993,
495,4,M,Upper Bann,16,Green Party,upper-bann,,0,Excluded,0,LEE,Simon,,251,111,
7993,1,F,Upper Bann,16,Democratic Unionist Party,upper-bann,,6527,Elected,0,LOCKHART,Carla,@carlalockhart,252,20,
704,5,F,Upper Bann,16,Progressive Unionist Party,upper-bann,,0,Excluded,0,LONG,Sophie,@SophieLong01,253,994,
33,3,M,Upper Bann,16,Independent,upper-bann,,0,Excluded,0,MCCARROLL,Stephen,,254,21,
79,3,M,Upper Bann,16,NI Conservatives,upper-bann,,0,Excluded,0,NICKELS,Ian Keith,,255,991,
5209,11,M,Upper Bann,16,Sinn Fein,upper-bann,sfassembly@hotmail.com,5477.35,Elected,1,ODOWD,John,@JohnODowdSF,256,24,
1760,10,M,Upper Bann,16,Ulster Unionist Party,upper-bann,,0,Excluded,0,SAVAGE,Kyle,@KyleSavageNI,257,26,
6164,11,F,Upper Bann,16,Sinn Fein,upper-bann,sfassembly@hotmail.com,6448.96,Elected,0,SEELEY,Catherine,@CatSeeley,258,24,
4460,11,F,West Tyrone,18,Sinn Fein,west-tyrone,sfassembly@hotmail.com,4992.84,Elected,1,BOYLE,Michaela,@MichaelaBoyleSF,259,24,
3884,8,M,West Tyrone,18,Democratic Unionist Party,west-tyrone,,0,Excluded,0,BRESLAND,Allan,,260,20,
547,4,M,West Tyrone,18,Cannabis Is Safer Than Alcohol,west-tyrone,,0,Excluded,0,BROWN,Barry,@BarryBonesbrown,261,993,
4650,9,M,West Tyrone,18,Democratic Unionist Party,west-tyrone,,5545,Elected,1,BUCHANAN,Thomas,,262,20,
1778,7,F,West Tyrone,18,Independent,west-tyrone,,0,Excluded,0,DEENAN,Josephine Anne,,263,21,
494,3,M,West Tyrone,18,Alliance Party,west-tyrone,,0,Excluded,0,DONNELLY,Stephen,@SteveDonnelly95,264,19,
124,2,M,West Tyrone,18,Independent,west-tyrone,,0,Excluded,0,FRENCH,Corey,@coreyfrench,265,21,
4441,10,M,West Tyrone,18,Ulster Unionist Party,west-tyrone,,5545,Elected,1,HUSSEY,Ross,@RossHusseyMLA,266,26,
661,6,M,West Tyrone,18,Independent,west-tyrone,,0,Excluded,0,KELLY,Patsy,@IndpPatsy,267,21,
44,1,M,West Tyrone,18,NI Conservatives,west-tyrone,,0,Excluded,0,LOMAS,Roger,,268,991,
3565,11,M,West Tyrone,18,Sinn Fein,west-tyrone,sfassembly@hotmail.com,4016.92,Elected,1,MCALEER,Declan,@mc_mla,269,24,
224,2,F,West Tyrone,18,Animal Welfare Party,west-tyrone,,0,Excluded,0,MCANEA,Laura,,270,985,
828,6,F,West Tyrone,18,Independent,west-tyrone,,0,Excluded,0,MCANESPY,Sorcha,@CllrMcAnespy,271,21,
458,5,M,West Tyrone,18,Green Party,west-tyrone,,0,Excluded,0,MCCLEAN,Ciaran,@mccleangreen,272,111,
4287,8,M,West Tyrone,18,Social Democratic and Labour Party,west-tyrone,,5552,Elected,1,MCCROSSAN,Daniel,@McCrossanMLA,273,23,
3711,11,F,West Tyrone,18,Sinn Fein,west-tyrone,sfassembly@hotmail.com,3996,Excluded,0,MCDERMOTT,Grace,@_gracemcdermott,274,24,
4568,11,M,West Tyrone,18,Sinn Fein,west-tyrone,sfassembly@hotmail.com,5262.56,Elected,1,MCELDUFF,Barry,@BarryMcElduff,275,24,
85,2,F,West Tyrone,18,Independent,west-tyrone,,0,Excluded,0,WHITE,Susan-Anne,,276,21,
