Constituency_Name,Constituency_Number,Candidate_Id,Firstname,Surname,Outgoing_Member,Party_Id,Party_Name,Photo_URL,Directory,Gender,Twitter,Email
South Antrim,12,8151,Steve,Aiken,1,26,Ulster Unionist Party,,south-antrim,male,SteveAikenUUP,steve.aiken@mla.niassembly.gov.uk
South Antrim,12,19681,Ivanka,Antova,,999,People Before Profit Alliance,,south-antrim,female,,
South Antrim,12,19704,Eleanor,Bailey,,111,Green Party,,south-antrim,Female,,
South Antrim,12,6346,Richard William,Cairns,,141,Traditional Unionist Voice,,south-antrim,male,rickwcairns,rcairnstuv@gmail.com
South Antrim,12,13366,Pam,Cameron,1,20,Democratic Unionist Party,,south-antrim,female,PamCameronMLA,pamcamerondup@gmail.com
South Antrim,12,13367,Trevor,Clarke,1,20,Democratic Unionist Party,,south-antrim,male,,
South Antrim,12,8153,Adrian David,Cochrane-Watson,,26,Ulster Unionist Party,,south-antrim,male,adrianuup,
South Antrim,12,13369,David RJ,Ford,1,19,Alliance Party,,south-antrim,male,DavidFordMLA,
South Antrim,12,13370,Paul,Girvan,1,20,Democratic Unionist Party,,south-antrim,male,VoteGirvan1,
South Antrim,12,4711,Declan,Kearney,1,24,Sinn Fein,,south-antrim,male,DeclanKearneySF,
South Antrim,12,19721,Mark,Logan,,991,NI Conservatives,,south-antrim,Male,,
South Antrim,12,5390,Roisin,Lynch,,23,Social Democratic and Labour Party,,south-antrim,female,roisinlynchsdlp,roisin.lynch@sdlphq.ie
South Antrim,12,13371,David,McMaster,,21,Independent,,south-antrim,Male,,
