Constituency_Name,Constituency_Number,Candidate_Id,Firstname,Surname,Outgoing_Member,Party_Id,Party_Name,Photo_URL,Directory,Gender,Twitter,Email
Belfast South,13,4597,Máirtín,Ó Muilleoir,1,24,Sinn Fein,,belfast-south,male,newbelfast,mairtin@newbelfast.com
Belfast South,13,11457,John,Andrew Hiddleston,,141,Traditional Unionist Voice,,belfast-south,Male,johnhidd,
Belfast South,13,5824,Clare,Bailey,1,111,Green Party,,belfast-south,female,ClareBaileyGPNI,claresquare@yahoo.com
Belfast South,13,1679,Paula,Bradshaw,1,19,Alliance Party,,belfast-south,female,PaulaJaneB,paula.bradshaw@allianceparty.org
Belfast South,13,11455,Sean,Burns,,987,Cross-Community Labour Alternative,,belfast-south,Male,SeanBurnsSP,sburnsmedia@gmail.com
Belfast South,13,19698,Naomh,Gallagher,,23,Social Democratic and Labour Party,,belfast-south,female,naomhgallagher,
Belfast South,13,3475,Claire,Hanna,1,23,Social Democratic and Labour Party,,belfast-south,female,ClaireHanna,clairehanna@gmail.com
Belfast South,13,19709,Micheal,Henderson,,26,Ulster Unionist Party,,belfast-south,Male,,
Belfast South,13,6023,George,Jabbour,,991,NI Conservatives,,belfast-south,male,JGJabbour,georgeforinverclyde@gmail.com
Belfast South,13,6265,Lily,Kerr,,998,Workers Party,,belfast-south,female,,workerspartyni@yahoo.co.uk
Belfast South,13,11458,Emma,Little Pengelly,1,20,Democratic Unionist Party,,belfast-south,female,little_pengelly,
Belfast South,13,19677,Emmet,McDonough-Brown,,19,Alliance Party,,belfast-south,Male,EmmetMcDB,emmet@allianceparty.org
Belfast South,13,19670,Pádraigín,Mervyn,,999,People Before Profit Alliance,,belfast-south,Female,,
Belfast South,13,11461,Christopher David Matthew,Stalford,1,20,Democratic Unionist Party,,belfast-south,male,CStalfordMLA,
