Constituency_Number,Candidate_Id,Count_Number,Firstname,Surname,Candidate_First_Pref_Votes,Transfers,Total_Votes,Status,Occurred_On_Count,Party_Name
7,144,1,Keith Alexandra,BUCHANAN,3628,0,3628,,,Democratic Unionist Party
7,145,1,Alan,DAY,256,0,256,,,UK Independence Party
7,146,1,Linda,DILLON,5853,0,5853,Elected,1,Sinn Fein
7,147,1,Neidin,HENDRON,471,0,471,,,Alliance Party
7,148,1,Hannah,LOUGHRIN,1877,0,1877,,,Traditional Unionist Voice
7,149,1,Ian,MCCREA,3765,0,3765,,,Democratic Unionist Party
7,150,1,Patsy,MCGLONE,6209,0,6209,Elected,1,Social Democratic and Labour Party
7,151,1,Ian,MILNE,7035,0,7035,Elected,1,Sinn Fein
7,152,1,Michelle,ONEILL,6147,0,6147,Elected,1,Sinn Fein
7,153,1,Sandra,OVEREND,4862,0,4862,,,Ulster Unionist Party
7,154,1,Hugh,SCULLION,316,0,316,,,Workers Party
7,155,1,Stefan,TAYLOR,349,0,349,,,Green Party
7,144,2,Keith Alexandra,BUCHANAN,3628,6,3634,,,Democratic Unionist Party
7,145,2,Alan,DAY,256,14,270,,,UK Independence Party
7,146,2,Linda,DILLON,5853,0,5853,Elected,1,Sinn Fein
7,147,2,Neidin,HENDRON,471,247,718,,,Alliance Party
7,148,2,Hannah,LOUGHRIN,1877,6,1883,,,Traditional Unionist Voice
7,149,2,Ian,MCCREA,3765,7,3772,,,Democratic Unionist Party
7,150,2,Patsy,MCGLONE,6209,0,6209,Elected,1,Social Democratic and Labour Party
7,151,2,Ian,MILNE,7035,-1213,5822,Elected,1,Sinn Fein
7,152,2,Michelle,ONEILL,6147,0,6147,Elected,1,Sinn Fein
7,153,2,Sandra,OVEREND,4862,34,4896,,,Ulster Unionist Party
7,154,2,Hugh,SCULLION,316,602,918,,,Workers Party
7,155,2,Stefan,TAYLOR,349,232,581,,,Green Party
7,144,3,Keith Alexandra,BUCHANAN,3628,5.88,3639.88,,,Democratic Unionist Party
7,145,3,Alan,DAY,256,6.96,276.96,Excluded,3,UK Independence Party
7,146,3,Linda,DILLON,5853,0,5853,Elected,1,Sinn Fein
7,147,3,Neidin,HENDRON,471,143.88,861.88,,,Alliance Party
7,148,3,Hannah,LOUGHRIN,1877,5.04,1888.04,,,Traditional Unionist Voice
7,149,3,Ian,MCCREA,3765,6,3778,,,Democratic Unionist Party
7,150,3,Patsy,MCGLONE,6209,-387,5822,Elected,1,Social Democratic and Labour Party
7,151,3,Ian,MILNE,7035,0,5822,Elected,1,Sinn Fein
7,152,3,Michelle,ONEILL,6147,0,6147,Elected,1,Sinn Fein
7,153,3,Sandra,OVEREND,4862,29.88,4925.88,,,Ulster Unionist Party
7,154,3,Hugh,SCULLION,316,125.64,1043.64,,,Workers Party
7,155,3,Stefan,TAYLOR,349,58.92,639.92,,,Green Party
7,144,4,Keith Alexandra,BUCHANAN,3628,43.48,3683.36,,,Democratic Unionist Party
7,145,4,Alan,DAY,256,-276.96,0,Excluded,3,UK Independence Party
7,146,4,Linda,DILLON,5853,0,5853,Elected,1,Sinn Fein
7,147,4,Neidin,HENDRON,471,14.08,875.96,,,Alliance Party
7,148,4,Hannah,LOUGHRIN,1877,93,1981.04,,,Traditional Unionist Voice
7,149,4,Ian,MCCREA,3765,30.12,3808.12,,,Democratic Unionist Party
7,150,4,Patsy,MCGLONE,6209,0,5822,Elected,1,Social Democratic and Labour Party
7,151,4,Ian,MILNE,7035,0,5822,Elected,1,Sinn Fein
7,152,4,Michelle,ONEILL,6147,0,6147,Elected,1,Sinn Fein
7,153,4,Sandra,OVEREND,4862,33.24,4959.12,,,Ulster Unionist Party
7,154,4,Hugh,SCULLION,316,9.2,1052.84,,,Workers Party
7,155,4,Stefan,TAYLOR,349,10.6,650.52,,,Green Party
7,144,5,Keith Alexandra,BUCHANAN,3628,3.24,3686.6,,,Democratic Unionist Party
7,145,5,Alan,DAY,256,0,0,Excluded,3,UK Independence Party
7,146,5,Linda,DILLON,5853,0,5853,Elected,1,Sinn Fein
7,147,5,Neidin,HENDRON,471,83.43,959.39,,,Alliance Party
7,148,5,Hannah,LOUGHRIN,1877,1.62,1982.66,,,Traditional Unionist Voice
7,149,5,Ian,MCCREA,3765,3.78,3811.9,,,Democratic Unionist Party
7,150,5,Patsy,MCGLONE,6209,0,5822,Elected,1,Social Democratic and Labour Party
7,151,5,Ian,MILNE,7035,0,5822,Elected,1,Sinn Fein
7,152,5,Michelle,ONEILL,6147,-325,5822,Elected,1,Sinn Fein
7,153,5,Sandra,OVEREND,4862,7.02,4966.14,,,Ulster Unionist Party
7,154,5,Hugh,SCULLION,316,144.99,1197.83,,,Workers Party
7,155,5,Stefan,TAYLOR,349,76.95,727.47,Excluded,5,Green Party
7,144,6,Keith Alexandra,BUCHANAN,3628,5.05,3691.65,,,Democratic Unionist Party
7,145,6,Alan,DAY,256,0,0,Excluded,3,UK Independence Party
7,146,6,Linda,DILLON,5853,0,5853,Elected,1,Sinn Fein
7,147,6,Neidin,HENDRON,471,203.18,1162.57,Excluded,6,Alliance Party
7,148,6,Hannah,LOUGHRIN,1877,7.72,1990.38,,,Traditional Unionist Voice
7,149,6,Ian,MCCREA,3765,5.27,3817.17,,,Democratic Unionist Party
7,150,6,Patsy,MCGLONE,6209,0,5822,Elected,1,Social Democratic and Labour Party
7,151,6,Ian,MILNE,7035,0,5822,Elected,1,Sinn Fein
7,152,6,Michelle,ONEILL,6147,0,5822,Elected,1,Sinn Fein
7,153,6,Sandra,OVEREND,4862,23.22,4989.36,,,Ulster Unionist Party
7,154,6,Hugh,SCULLION,316,216.92,1414.75,,,Workers Party
7,155,6,Stefan,TAYLOR,349,-727.47,0,Excluded,5,Green Party
7,144,7,Keith Alexandra,BUCHANAN,3628,13.4,3705.05,,,Democratic Unionist Party
7,145,7,Alan,DAY,256,0,0,Excluded,3,UK Independence Party
7,146,7,Linda,DILLON,5853,0,5853,Elected,1,Sinn Fein
7,147,7,Neidin,HENDRON,471,-1162.57,0,Excluded,6,Alliance Party
7,148,7,Hannah,LOUGHRIN,1877,15.83,2006.21,,,Traditional Unionist Voice
7,149,7,Ian,MCCREA,3765,5.78,3822.95,,,Democratic Unionist Party
7,150,7,Patsy,MCGLONE,6209,0,5822,Elected,1,Social Democratic and Labour Party
7,151,7,Ian,MILNE,7035,0,5822,Elected,1,Sinn Fein
7,152,7,Michelle,ONEILL,6147,0,5822,Elected,1,Sinn Fein
7,153,7,Sandra,OVEREND,4862,171.92,5161.28,,,Ulster Unionist Party
7,154,7,Hugh,SCULLION,316,364.2,1778.95,Excluded,7,Workers Party
7,155,7,Stefan,TAYLOR,349,0,0,Excluded,5,Green Party
7,144,8,Keith Alexandra,BUCHANAN,3628,47.19,3752.24,,,Democratic Unionist Party
7,145,8,Alan,DAY,256,0,0,Excluded,3,UK Independence Party
7,146,8,Linda,DILLON,5853,0,5853,Elected,1,Sinn Fein
7,147,8,Neidin,HENDRON,471,0,0,Excluded,6,Alliance Party
7,148,8,Hannah,LOUGHRIN,1877,40.47,2046.68,Excluded,8,Traditional Unionist Voice
7,149,8,Ian,MCCREA,3765,22.45,3845.4,,,Democratic Unionist Party
7,150,8,Patsy,MCGLONE,6209,0,5822,Elected,1,Social Democratic and Labour Party
7,151,8,Ian,MILNE,7035,0,5822,Elected,1,Sinn Fein
7,152,8,Michelle,ONEILL,6147,0,5822,Elected,1,Sinn Fein
7,153,8,Sandra,OVEREND,4862,167.2,5328.48,,,Ulster Unionist Party
7,154,8,Hugh,SCULLION,316,-1778.95,0,Excluded,7,Workers Party
7,155,8,Stefan,TAYLOR,349,0,0,Excluded,5,Green Party
7,144,9,Keith Alexandra,BUCHANAN,3628,601.7,4353.94,,,Democratic Unionist Party
7,145,9,Alan,DAY,256,0,0,Excluded,3,UK Independence Party
7,146,9,Linda,DILLON,5853,0,5853,Elected,1,Sinn Fein
7,147,9,Neidin,HENDRON,471,0,0,Excluded,6,Alliance Party
7,148,9,Hannah,LOUGHRIN,1877,-2046.68,0,Excluded,8,Traditional Unionist Voice
7,149,9,Ian,MCCREA,3765,443.29,4288.69,,,Democratic Unionist Party
7,150,9,Patsy,MCGLONE,6209,0,5822,Elected,1,Social Democratic and Labour Party
7,151,9,Ian,MILNE,7035,0,5822,Elected,1,Sinn Fein
7,152,9,Michelle,ONEILL,6147,0,5822,Elected,1,Sinn Fein
7,153,9,Sandra,OVEREND,4862,827,6155.48,Elected,9,Ulster Unionist Party
7,154,9,Hugh,SCULLION,316,0,0,Excluded,7,Workers Party
7,155,9,Stefan,TAYLOR,349,0,0,Excluded,5,Green Party
7,144,10,Keith Alexandra,BUCHANAN,3628,212.67,4566.61,Elected,10,Democratic Unionist Party
7,145,10,Alan,DAY,256,0,0,Excluded,3,UK Independence Party
7,146,10,Linda,DILLON,5853,0,5853,Elected,1,Sinn Fein
7,147,10,Neidin,HENDRON,471,0,0,Excluded,6,Alliance Party
7,148,10,Hannah,LOUGHRIN,1877,0,0,Excluded,8,Traditional Unionist Voice
7,149,10,Ian,MCCREA,3765,117.3,4405.99,Excluded,10,Democratic Unionist Party
7,150,10,Patsy,MCGLONE,6209,0,5822,Elected,1,Social Democratic and Labour Party
7,151,10,Ian,MILNE,7035,0,5822,Elected,1,Sinn Fein
7,152,10,Michelle,ONEILL,6147,0,5822,Elected,1,Sinn Fein
7,153,10,Sandra,OVEREND,4862,-333.48,5822,Elected,9,Ulster Unionist Party
7,154,10,Hugh,SCULLION,316,0,0,Excluded,7,Workers Party
7,155,10,Stefan,TAYLOR,349,0,0,Excluded,5,Green Party
